{"W_conv": [[[-2.481562983566574, 2.555872707609477], [-2.483465439788393, 1.335011965737017]], [[-2.8086336484489376, -2.809644889576414], [-0.27034430744953386, 0.9051727625153744]], [[2.7592467702617554, -2.7585729869462363], [-2.7590027681137643, 2.7590801685192026]], [[1.7116731707198678, 1.4176113755163404], [1.5627938740579574, 2.9196171770007355]], [[1.350604643241525, 3.376618559437147], [-1.345578117285025, -3.096042080322095]], [[1.149197519334846, 1.0748889713008751], [1.2873185413930395, 1.5364122247932566]], [[1.6114759187851742, 0.7364026265763147], [2.912169816843376, 1.1780434576135907]], [[-0.45276772458937625, -0.3938263760709833], [0.058816443145751636, 0.007438578546093387]]], "b_conv": [1.1468095601634016, 2.8094110974194986, -0.0007096327888930594, -0.0005826547136209746, -0.003288716495381282, -0.0005623421194054247, -0.0012908218787867967, -0.06822338612485539], "W_dense": [[0.231338727125077, -0.10201429946278477, -0.5708100226117779, 0.3401265173658549, 0.05198558127049133, -0.36667289616527055, 0.6552969374648899], [-0.39241906483656663, 0.1195689498445663, -0.5463252948008052, 0.7046693619477217, -0.07726704892575165, -0.15416856316266228, 0.16488746516262684], [0.11355184693257282, 0.6553156926102374, -0.5738636564806827, 0.8054390810518581, -0.022937194078196076, -1.0506634031538646, 0.2629543533248391], [-0.464442868996389, 0.33493643217029967, -0.09597814035295682, 0.6280334098534004, 0.17289042339497254, -0.013477646085906875, -0.2853569217016139], [0.18670114364510423, 0.20615919540561262, -0.2505438073405652, 0.33861931021703184, -0.24743837522759432, -1.0434923695522593, 0.5250408235904973], [-0.22849539876632077, 0.22902326148167548, -0.5477065391556586, 0.8775281914068663, -0.08002905933563689, -1.0349428717820652, 0.3927673860294637], [0.007993899189458798, 0.4474724786466223, -0.49524641109859713, 0.8167152084589966, 0.3639766180141982, -1.1359208146476065, 0.5118167252904152], [-0.2814139920719857, 0.24171071080499365, -0.2424230246826133, 0.8066692550895548, 0.24886831560629474, -0.20162455458037717, -0.3511543800373685], [0.4583036562127178, 0.03580625752858637, -0.5485544314330729, 0.4321536967833268, -0.21539020932896602, 0.2471931684635799, -0.34648643138766194], [-0.2633233858994627, 0.16986265827177696, -0.7249896878160602, 0.8640962222338282, -0.195278563642905, -0.129105574707561, -0.35218678064552045], [0.12149645967921072, 0.2758053035065691, -0.8915664059354955, 0.5929057030967207, 0.023332128936373063, -0.6378378505946104, 0.261259670052662], [-0.24653055811870908, 0.10499950362105294, -0.3680153930274903, 0.8556352007672614, 0.18664163278554802, -0.05638451677874237, -0.3873714559446369], [1.0777943233765135, 0.20285812128714972, 0.21126557325645462, -0.34482163455048304, -0.11654456661816787, -0.48243150576694943, -0.6125465924331754], [0.8982132584485539, 0.2735964446957971, 0.5337149541964823, 0.0742645733679022, -0.07676631474779005, -0.964677199415076, -0.21660962870168496], [0.9246102923169598, 0.4589745735856985, 0.5253099435830442, 0.13660839222424623, 0.07738928463579024, -0.7004687040425589, -0.8355877272305782], [0.7256727415664502, 0.13515044406296642, -0.10406723799681604, 0.08220622793066307, -0.24912710271542127, 0.3150839959226092, -0.7532701271225667], [0.904562629368206, 0.6953332623490462, 0.4842007092650696, -0.2698530040446885, 0.48734860293190924, -0.6275568692742006, -1.7229815048193355], [0.36433718906074675, 0.18363891736943128, 0.2678040537590627, -0.12433089969425987, -0.108533733489027, 0.03135899565171003, -0.9346877013016545], [0.39926088536571175, 0.33317589676017884, 0.18811168148491758, -0.020948518340367882, 0.042712813137280245, -0.5253263582563477, -0.5082743405748142], [0.5289274467425612, 0.5414439339664986, 0.2673805194456943, -0.2545950776369989, 0.03983903130834039, -0.5040743718758339, -0.4482974865538475], [0.49327728428463874, 0.517333485055621, 0.3850527543933697, -0.3533319553870324, 0.2284544188423534, -1.2923027081435612, -0.1259931793018991], [0.288003741426928, 0.19965819001043836, 0.6827366370390745, -0.37714710781912764, 0.21761586333071037, -1.2605991394453127, 0.7166369851159398], [0.22692873876614852, 0.2394913673910308, 0.551921684400232, -0.012729199259502473, -0.16019628922487564, -0.8518687867827999, -0.7529690008931168], [0.3351058123631847, 0.531886645446636, 0.3917841255509557, -0.08133331031955986, 0.04730386621653121, -0.6244902975284237, -0.7083814345936391], [-0.5999195396100332, 0.5849409300461813, -0.3784175653792736, -0.3608576963770874, 0.71609837319882, 0.5767640161468582, -0.47559723275165255], [-0.309447335690645, 0.4586503919103604, -0.629180853319741, -0.49853273886219224, 0.8550557206774624, 0.3263964688150507, -0.09925544719519655], [-0.35543191100200733, 0.17729960240870282, -0.5759493820605792, -0.3684886077030003, 0.8138727162646633, 0.06808851984934505, 0.2229028250308351], [-0.6023703450348521, 0.38480722529720085, -0.35255223389023665, -0.3360546809378458, 0.726700935430201, 0.6335359387170252, -0.8977269905014656], [-0.2723885424909322, 0.679078344301275, -0.3562776154102603, -0.5364975122301302, 0.9254585969875202, 0.6069023821738113, -0.00874547512136838], [-0.12457031409499159, 0.013882383660056955, -1.152355106530429, -0.7148184049000509, 1.1248218860082981, 0.624050958565975, -0.17344426958721418], [-0.2801566311813019, 0.24994309209150578, -0.6758210619744641, -0.7688879855089917, 0.8324352511672355, 0.8904522848342967, 0.01936394576884435], [-0.6491940908760213, 0.408151508335663, -0.6438066839542127, -0.5717326406275921, 0.8174804232622251, 0.6403994353877221, -0.11986047427995476], [-0.4951329823346806, 0.37433524699287846, -0.6484581883018535, -0.32307272608502874, 0.3661209593692395, 1.075010398769889, -0.4083677144551054], [-0.6880402327817998, 0.3394453035112956, -0.9016401134948714, -0.4776066210843749, 0.8264534368164431, 1.2470330761507396, -0.48331707061519624], [-0.5877704983146634, 0.49478596165623345, -1.2744040367392477, -0.4716888143952951, 0.6961509048510541, 0.9162047344508265, -0.5822291000465276], [-0.6353811039088479, 0.6297503400467225, -0.5147316035995577, -0.18872898323756268, 1.0043012177187247, 0.44724771696260607, -0.3546170010352549], [-0.5665541023642487, -0.29135929987369386, 0.05103778096357099, 0.4040971478461901, 0.2344955781718635, 0.21566099450894916, 0.5797751966109485], [-0.5329388384638796, -0.04874322739786798, -0.006621241108540532, 0.28867001438284434, -0.09753666764430298, 0.40127839462830966, 0.14419710236885672], [-0.48463861314527906, -0.2338910017525849, 0.02846485473053258, 0.11543546049738292, -0.09950085829854335, 0.2549349635288904, 0.3296994452532327], [-0.5993797227088005, -0.43569476402018126, 0.1427367503286364, 0.24441046050869492, 0.31791406683046675, 0.6575435547179552, -0.513952433914117], [-0.6195702774376364, -0.24312099194267864, 0.008250958050075927, 0.4165290427078026, -0.04239827907529577, 0.2548353627416893, 0.45566421699965887], [-0.46809122411624426, -0.14060065382583925, -0.054886971428778075, 0.20989269721468623, -0.1363446078906857, 0.4373222964505631, -0.1026725158179328], [-0.40140481293374813, -0.4403537933988006, -0.0029364247470482965, 0.08794347316277784, 0.11731446299427176, 0.477694130041323, 0.6060242431632017], [-0.782229842181855, -0.571580163213313, 0.15740469171563032, 0.2536030531500802, -0.1345057846627895, 1.0825075109666598, -0.10775455055590726], [-1.2407172464462637, -0.20445758464546557, 0.06025511131015217, 0.22991766798251817, 0.00841153850459017, 0.6654778474534176, 0.6718229789157012], [-1.108309779448097, -0.4480846811220309, -0.00513172086435032, -0.27223491506866165, -0.016193023242462922, 0.44578358091467596, 0.744847191289151], [-1.0908207193471224, -0.387851731124333, 0.23251636006798668, -0.13092444812642265, -0.01507789151198555, 0.31462393510294007, 0.854417842082503], [-1.198156099189536, -0.1542455740255459, 0.42754734559610497, 0.03603099887308141, 0.2605287082147629, 0.7999121494029376, 