{"W_conv": [[[2.7881957482824298, 2.179726979806997], [1.6281745437743995, 1.6277585932753105]], [[-1.9593948937860883, -1.3491327272127234], [2.5880287733313954, 1.9680465214361973]], [[-2.2309149027407122, 2.2907211336246553], [-1.6766819311626833, 1.6785200700275118]], [[2.814001371121196, 2.8220016690189453], [-3.2427711320163097, -2.807069329909917]], [[-1.6686313877152512, 0.000223563093600697], [0.0001314710499257366, 1.6686874918306867]], [[-1.5660041839245677, -2.722425405091968], [2.046873682099126, 3.2955573153436797]], [[-2.7926893620655586, 3.470347057721007], [3.4692688935386036, -1.9692827178616055]], [[1.0985132927601402, -1.0928395798465025], [-0.9643078840501819, -0.9944505724169856]]], "b_conv": [-1.6287188804847401, -0.6188972168602267, -0.00925646052980428, -0.008336005866001205, -0.0008184922276207047, -0.21482369238548518, -0.675968170998153, -0.002876308084158532], "W_dense": [[-0.5803116003716741, -0.5683859744003444, -0.44046722322902543, 0.43247061155143324, 0.6765778417070833, -0.3541840520805983, 0.26417179386276013], [-0.13816756823883156, -0.7974146449250324, 0.12909804851493356, 0.092524391656634, -0.040428755676290784, 0.4781670505792972, 0.3238840419248235], [-0.22847393731565616, -1.0232436774661031, 0.19694779292063289, -0.05651778589035666, 0.06903956609303148, 0.33073566126481346, 0.313583970040718], [-0.21154514629285537, -0.7859217436506758, 0.2888048234406437, 0.1505947419901931, 0.2515496474015137, 0.021234128388983742, 0.10292664491119165], [-0.339570991991299, -0.9660020027663584, -0.5991484102145462, 1.0034082699902191, -0.2606182162572043, 0.07872242571577744, 0.5086221484904505], [-0.2298762316857217, -0.6604151906710999, -0.06186890831677698, 0.6211997641405822, -0.66444422157386, 0.6549362042182163, 0.6584619174338344], [-0.10106462790929849, -1.040346427616415, -0.02033539453904518, 0.2821987712228952, -0.9266306307826688, 0.8666615842495428, 0.9946317712193902], [-0.12794119948239419, -0.8026191423924482, 0.20228054172185891, 0.4823016535275016, -0.09298276123395947, 0.35329949894196305, 0.03227103498192827], [-0.2952863637059581, -0.8472595377016332, -0.5224138281380823, 0.9275244265752162, -0.15651626428215512, 0.1683197645938331, 0.29917937628789637], [-0.05372992579602045, -0.9123431232351291, -0.12440707428454546, 0.48628926156188784, -0.09827692219694494, 0.2749169601288601, 0.6676400780134416], [-0.12384702938955926, -0.8499449054228141, -0.20453761199584544, 0.3973854636246227, -0.35674081647029776, 0.022036091259451197, 1.211091833153935], [0.059364273855473666, -0.8848361755607991, -0.1168453493140836, 0.40185909222103733, 0.2382694721775798, 0.3635983167786633, 0.13857001454557866], [-0.2915534726039891, -0.011629953476667582, 0.5692090941598167, -0.17891602579619134, -0.2745682183218901, -0.07661305642852034, 0.25198854073397997], [-0.1957245221809594, -0.11353488860112276, 0.6663157881957918, -0.5930781688837775, -0.5722309743645129, 0.5338366393113618, 0.38501660219189665], [-0.2544106153425077, -0.06702482450294453, 0.525856349247306, -0.24563352497857682, -1.0739999241477949, 0.9100768120423164, -0.08855675204606282], [0.10464552588229344, -0.1443338561130933, 0.5410284984874786, -0.1850538286236108, -0.20368236795281972, 0.5794245349207244, -0.2780760021513384], [-0.45016556828461807, 0.5828717537522432, 0.7266104693003221, -0.6893949858500238, -0.04171406985105188, 0.3759992479017105, -0.646323464765326], [-0.22952568664091522, -0.08174511976334088, 0.44294822125093986, -0.8106881927614213, 0.42263498258811744, -0.5495571469252347, 0.3927015302726039], [-0.2782581177943287, -0.12238344227900468, 0.6172811581219826, -0.7379421558299466, 0.23619251805667102, 0.06699724344589977, 0.1625293755932811], [-0.12927716206465506, 0.2382676813862595, 0.35504384451788695, -0.5905434657982281, 0.007731147924094304, 0.4868256483630964, -0.28372855588720014], [-0.22709598084792854, 0.373480589339907, 0.7701151383750897, -0.41476262754786836, 0.013786792381020204, -0.1501365765418491, 0.07936476858141472], [-0.19466236376506707, 0.26642764475648484, 0.5356012517842946, -0.5700272620290588, -0.17289528743445917, -0.2781035244711758, 0.9341991293127437], [-0.19993562046761257, 0.17062592023109135, 1.1211046383108374, -0.5660181388429616, -0.1551607143234479, -0.21147519022895822, 0.35555045897578724], [-0.3731199438147991, 0.6933617494655252, 0.6311708973510043, -0.20309189976140576, 0.13552492206040043, -0.2537660533482269, -0.43059266982121036], [0.05505248487887853, 0.19120733378633692, -0.5511705820083189, 0.40734744993515726, 0.07836053037483633, 0.34718833966817575, 0.36044232100221585], [-0.25979430538707016, 0.3971514976034694, -0.5315104224437723, 0.6035531455828888, -0.19431112613381038, 0.36010691728860983, 0.24301109108441366], [-0.2387763510098552, 0.42803876102532895, -0.7772648796105823, 0.28486300469126125, 0.036785494561133954, -0.25078267704821483, 0.1201529463697331], [-0.09250881046818044, 0.3011670861045545, -0.17361365928018455, 0.3937954147596147, -0.1278592209537456, 0.20077011347065735, -0.28982675390849444], [-0.015072674045566573, 0.13982757433986853, -0.47558960532740024, 0.2733015934559224, 0.22451034953773494, -0.5319268049682471, 0.4575121269195493], [-0.19701429314869834, 0.2215543877570808, -0.46501901251893685, 0.9722303747408393, 0.5302549407920576, -1.1963794237161416, 0.6389742694294558], [0.05374165747215785, 0.30252450148913224, -0.5124339583084284, 0.7302691879682502, 0.9682655616072894, -1.2475269661893538, 0.19654656143072885], [-0.3968745702297915, 0.07708666587804684, -0.2750177720393977, 0.6939073452484456, -0.08737093079988048, -0.14110125159656484, -0.25724367711771845], [0.005458805096581442, 0.3222841323166794, -0.7845087546841955, 0.38602879815376306, 0.24118006314533144, 0.6113619428871755, -0.5949582152674372], [-0.37455906101041725, 0.22871326285395308, -0.5612096425474218, 0.7869778245228439, -0.5014825800888376, 0.43989411628095915, -0.562129566299642], [-0.0028040165826498232, 0.4194438425940982, -0.5632766965922252, 0.6941293451078207, 0.13687233313748057, -0.28081660252258334, 0.16434877865664071], [-0.08166793058928215, 0.1805207587185912, -0.1918636244209365, 0.6162941875373754, 0.11660572379375296, -0.07221666913378591, -0.07494548591205623], [-0.6407157039369322, 0.9241979499928642, 0.8978960638228928, -0.8186837139633094, 0.3201174205576339, -0.5659100332247012, -0.03309288385603019], [-0.3024203499804713, 0.4118071164765413, 1.1440006722285716, -0.9878069056932001, -0.4399608889016574, -0.5554228034292777, 0.3823347790335451], [-0.4296024580722685, 0.6824709334137247, 1.213317886218589, -0.6949996843486462, -0.3130069536810345, 0.33964116158668767, -0.8964310123554563], [-0.4734621269456413, 0.7787557250808781, 0.9877801313228153, -0.9380779681351971, 0.21751151752153877, -0.3334857792320184, -0.6395485869890701], [-0.1523352852166986, 1.040414024305761, 0.9520442161126742, -0.9624950127208769, -0.06690601603738344, -0.0748959389458055, -0.3118401826282206], [-0.10309736600359157, 0.6901141990779518, 0.6095761763839722, -1.1712713659231164, 1.0015576133479673, -1.4990126656852603, 0.6659326422915539], [-0.1882574518260897, 0.7263227984877514, 0.5762299992856517, -1.0443820024324122, 1.106553316367718, -0.5628448549710705, -0.42653510544703516], [-0.05738643715746836, 1.136275947248404, 0.4881633144695558, -0.8396942933834924, -0.07299479813013411, -0.3358698042138418, -0.37325544817209527], [-0.46242300280448684, 0.12291143441450186, 0.2707179285470122, -0.2161794296610286, -0.5667794810863671, 0.1452755222205175, 0.15179765050622027], [-0.0749235108928631, 0.48490386522690915, 0.609046458079528, -0.417595848801167, -0.7969931698017207, -0.4463724480886835, 0.5815187879986754], [-0.210099453443293, 0.36018602389954735, 0.8275059279308474, -0.3658687022471535, -1.2812597201338, -0.1514364247390193, 0.6847801301676645], [-0.3742709763705592, 0.3987980527241489, 0.7309330952664812, -0.32183345092697163, -0.7401410070770056, 